date,tavg,tmin,tmax,prcp,snow,wdir,wspd,wpgt,pres,tsun
2024-01-01 00:00:00,8.8,7,11,10.9,,,18.9,,999.5,
2024-01-02 00:00:00,12,11,14,9.2,,,26.4,,985.6,
2024-01-03 00:00:00,10.4,9,12,0.2,,,21.4,,991,
2024-01-04 00:00:00,8.5,7,10,17,,,14.6,,999.2,
2024-01-05 00:00:00,6.7,6,8,1.9,,,17.5,,1001.5,
2024-01-06 00:00:00,5.8,5,6,0,,,9.8,,1016.5,
2024-01-07 00:00:00,3.7,3,5,0,,,11.3,,1027.3,
2024-01-08 00:00:00,2.7,2,3,1.2,,,17.3,,1031.9,
2024-01-09 00:00:00,2.9,2,4,0,,,23.3,,1031,
2024-01-10 00:00:00,2.7,0,6,0,,,12.2,,1029.5,
2024-01-11 00:00:00,3,1,5,0,,,8.6,,1036.6,
2024-01-12 00:00:00,5.4,4,6,0,,,9.3,,1035.8,
2024-01-13 00:00:00,3.3,1,4,0,,,10.8,,1025.3,
2024-01-14 00:00:00,4.4,3,6,0.5,,,13.2,,1013.1,
2024-01-15 00:00:00,1.6,-1,3,0,,,14.2,,1011.2,
2024-01-16 00:00:00,0.7,-2,5,0,,,10,,1007.9,
2024-01-17 00:00:00,1.2,-1,3,0,,,7,,993.6,
2024-01-18 00:00:00,-0.2,-4,3,0,,,11.2,,1007.3,
2024-01-19 00:00:00,1.4,-2,6,0,,,11.8,,1022.2,
2024-01-20 00:00:00,4.4,2,6,0,,,15.9,,1023.3,
2024-01-21 00:00:00,9.8,5,13,3.2,,,28.6,,1010,
2024-01-22 00:00:00,10.5,8,13,2.3,,,30.3,,1008.1,
2024-01-23 00:00:00,9.8,6,14,1.8,,,22.5,,1018.4,
2024-01-24 00:00:00,11.3,9,13,0,,,29,,1023.3,
2024-01-25 00:00:00,10.1,6,13,0.1,,,12.7,,1025.1,
2024-01-26 00:00:00,9.4,5,13,1.2,,,21.2,,1027.4,
2024-01-27 00:00:00,5.7,3,9,0,,,10.5,,1033.1,
2024-01-28 00:00:00,7.1,3,12,0,,,8.4,,1023.2,
2024-01-29 00:00:00,10.8,9,12,0.2,,,9.9,,1022.5,
2024-01-30 00:00:00,9.2,8,13,0,,,16.2,,1027.8,
2024-01-31 00:00:00,9,7,12,0.3,,,17.9,,1029.7,
2024-02-01 00:00:00,8,6,11,0.3,,,12.6,,1032.7,
2024-02-02 00:00:00,10,6,14,0,,,24,,1029.5,
2024-02-03 00:00:00,12.2,11,13,0,,,22.2,,1027.1,
2024-02-04 00:00:00,12.2,11,14,0,,,27.3,,1024.5,
2024-02-05 00:00:00,10.8,9,12,0,,,28.7,,1019.5,
2024-02-06 00:00:00,12.8,12,14,4.7,,,29.4,,1008.8,
2024-02-07 00:00:00,5.6,4,7,10.1,,,10.2,,1005.7,
2024-02-08 00:00:00,7.9,5,12,15.7,,,16,,991.5,
2024-02-09 00:00:00,11.5,11,13,6.1,,,16.7,,978.4,
2024-02-10 00:00:00,9.8,8,12,4.2,,,8.2,,983.4,
2024-02-11 00:00:00,8.8,7,11,3.7,,,11.6,,990.9,
2024-02-12 00:00:00,7,4,10,0,,,13.8,,1005.8,
2024-02-13 00:00:00,8.7,6,12,3.6,,,15,,1011.9,
2024-02-14 00:00:00,12.8,12,14,1.5,,,17.5,,1012.6,
2024-02-15 00:00:00,14,12,17,2.4,,,10.8,,1008.9,
2024-02-16 00:00:00,12.1,11,13,1,,,15.9,,1015.3,
2024-02-17 00:00:00,11.5,10,14,2.6,,,13.8,,1028.8,
2024-02-18 00:00:00,12.3,11,15,18.1,,,17.4,,1025.3,
2024-02-19 00:00:00,10.6,8,13,0,,,17.7,,1029.6,
2024-02-20 00:00:00,9.5,7,12,0,,,17.5,,1025.9,
2024-02-21 00:00:00,10.6,9,13,3.5,,,20.4,,1006.9,
2024-02-22 00:00:00,8.7,5,13,10.7,,,20.1,,985.4,
2024-02-23 00:00:00,6.2,4,10,2.1,,,14,,987.2,
2024-02-24 00:00:00,5.3,2,9,0,,,7.5,,995.2,
2024-02-25 00:00:00,5.2,1,9,4.2,,,17,,996.2,
2024-02-26 00:00:00,6.8,5,8,1,,,18.6,,1009.5,
2024-02-27 00:00:00,6.2,3,8,0,,,9.9,,1020.7,
2024-02-28 00:00:00,9.5,7,12,0.6,,,14.2,,1017,
2024-02-29 00:00:00,9.6,6,12,9.8,,,14.4,,1004.2,
2024-03-01 00:00:00,5.9,3,9,6.7,,,17,,993.7,
2024-03-02 00:00:00,6.4,4,9,1.8,,,15.5,,992.4,
2024-03-03 00:00:00,6,3,10,0,,,7.4,,1002.9,
2024-03-04 00:00:00,7.4,3,12,0.6,,,12.5,,1009.2,
2024-03-05 00:00:00,7.9,6,10,2.7,,,8.5,,1013.1,
2024-03-06 00:00:00,7.5,5,11,0,,,9,,1021.4,
2024-03-07 00:00:00,7.7,6,10,0,,,19.7,,1020.5,
2024-03-08 00:00:00,7.1,5,9,0,,,21,,1007.3,
2024-03-09 00:00:00,9.4,7,12,0.6,,,18.3,,995.2,
2024-03-10 00:00:00,8.5,8,9,5.3,,,10.9,,995.8,
2024-03-11 00:00:00,7.8,7,9,3.5,,,10.6,,1005.6,
2024-03-12 00:00:00,10.5,7,14,8.2,,,13.4,,1011.5,
2024-03-13 00:00:00,12.2,11,14,0,,,19,,1012.5,
2024-03-14 00:00:00,12.8,10,18,0.2,,,15.6,,1007.2,
2024-03-15 00:00:00,12.8,10,15,1,,,19.7,,1005.4,
2024-03-16 00:00:00,10.3,8,14,0.4,,,11,,1019.5,
2024-03-17 00:00:00,12.3,10,15,6.9,,,11.9,,1015,
2024-03-18 00:00:00,11.8,9,14,0,,,13.6,,1014.9,
2024-03-19 00:00:00,11.9,11,13,0.1,,,14.6,,1016,
2024-03-20 00:00:00,13.5,10,17,0.9,,,7.4,,1018.6,
2024-03-21 00:00:00,12.2,8,16,0,,,12.6,,1024.3,
2024-03-22 00:00:00,10.7,8,12,0,,,16.4,,1017.5,
2024-03-23 00:00:00,7.8,5,10,2,,,24.3,,1011.6,
2024-03-24 00:00:00,9.2,7,13,0,,,21.2,,1009.8,
2024-03-25 00:00:00,9.1,6,12,0.5,,,14.1,,1000.6,
2024-03-26 00:00:00,9.9,7,13,14.4,,,13.2,,987.7,
2024-03-27 00:00:00,8.4,5.4,12,2.8,,,17.9,,981,
2024-03-28 00:00:00,9,6,11,6.2,,,24.4,,978.6,
2024-03-29 00:00:00,10.4,7,14,2.3,,,18.4,,988.2,
2024-03-30 00:00:00,10.7,7,16,0.1,,,8.9,,995.2,
2024-03-31 00:00:00,9.5,7,11,1.5,,,15.3,,993.5,
2024-04-01 00:00:00,10.8,8,13,2.8,,,15.1,,994.2,
2024-04-02 00:00:00,11.4,9,15,2.4,,,16.5,,1001.9,
2024-04-03 00:00:00,12,10,14,1.8,,,19.6,,1000.6,
2024-04-04 00:00:00,13,10,16,3.8,,,20.1,,1002.9,
2024-04-05 00:00:00,14.6,13,17,7.3,,,21.6,,1004.3,
2024-04-06 00:00:00,16.7,15,19,0.7,,,23,,1002.7,
2024-04-07 00:00:00,14,12,16,0.2,,,25.5,,1008.3,
2024-04-08 00:00:00,13,10,17,1.3,,,13.7,,1004.5,
2024-04-09 00:00:00,10.5,9,13,0.2,,,28.7,,1007.2,
2024-04-10 00:00:00,10.6,6,14,1.2,,,19,,1025.4,
2024-04-11 00:00:00,15.1,13,19,0.1,,,17.1,,1028.7,
2024-04-12 00:00:00,15.6,11,21,0,,,19.5,,1028.5,
2024-04-13 00:00:00,16,12,21,0,,,18.9,,1022.6,
2024-04-14 00:00:00,12.3,10,14,0,,,17.3,,1022.3,
2024-04-15 00:00:00,10,8,12,3.7,,,29.7,,1008.3,
2024-04-16 00:00:00,10.1,8,13,1.8,,,22.6,,1012.3,
2024-04-17 00:00:00,8.3,6,11,1,,,18.4,,1015.7,
2024-04-18 00:00:00,9.5,5,14,0.3,,,15.3,,1021.2,
2024-04-19 00:00:00,10.4,8,14,1.7,,,18.5,,1017.9,
2024-04-20 00:00:00,7.9,5,10,0,,,14.3,,1028.1,
2024-04-21 00:00:00,8.3,5,11,0.3,,,13.7,,1029.9,
2024-04-22 00:00:00,7.5,4,10,0.3,,,9.3,,1028.2,
2024-04-23 00:00:00,8.1,6,11,1.1,,,10.1,,1022.8,
2024-04-24 00:00:00,7.7,6,9,0.1,,,12.2,,1016.7,
2024-04-25 00:00:00,8.3,5,12,3.2,,,9.6,,1005.2,
2024-04-26 00:00:00,8.7,5,13,0,,,9.6,,1003.8,
2024-04-27 00:00:00,8.5,6,11,5.8,,,14.1,,1003.1,
2024-04-28 00:00:00,9.2,7,12,11.1,,,13.4,,1004,
2024-04-29 00:00:00,11.9,8,16,0,,,15.3,,1015,
2024-04-30 00:00:00,13.5,9,19,0,,,14.1,,1011.6,
2024-05-01 00:00:00,15.2,11,20,0.3,,,10.4,,1007.2,
2024-05-02 00:00:00,13.3,11,16,3.8,,,12.9,,1001.7,
2024-05-03 00:00:00,11.1,9,13,11.6,,,17.8,,1008.3,
2024-05-04 00:00:00,12.4,8,17,0.9,,,9.6,,1010.7,
2024-05-05 00:00:00,13.3,8,18,0,,,7.3,,1007.8,
2024-05-06 00:00:00,12.5,10,15,16.6,,,6.2,,1008.1,
2024-05-07 00:00:00,14.7,11,19,0,,,9,,1021.1,
2024-05-08 00:00:00,13.9,10,18,0,,,9.7,,1028.8,
2024-05-09 00:00:00,16.8,11,23,0.1,,,8.5,,1026.4,
2024-05-10 00:00:00,17,13,22,0,,,12.3,,1023.4,
2024-05-11 00:00:00,15.2,11,21,0,,,16.5,,1020.8,
2024-05-12 00:00:00,18.3,12,24,0,,,14.8,,1012.9,
2024-05-13 00:00:00,16,13,18,0,,,14,,1007.1,
2024-05-14 00:00:00,15.4,14,17,7,,,13.4,,1001.4,
2024-05-15 00:00:00,16.4,13,20,0.9,,,12.9,,1004.5,
2024-05-16 00:00:00,14.5,12,18,2.9,,,7.1,,1005.1,
2024-05-17 00:00:00,16.7,11,21,0,,,6,,1009.4,
2024-05-18 00:00:00,16.1,13,19,4.3,,,7.7,,1012.8,
2024-05-19 00:00:00,16.9,12,23,0,,,12,,1013.9,
2024-05-20 00:00:00,15.1,10,20,0.4,,,11.2,,1013.6,
2024-05-21 00:00:00,13.7,12,15,5.4,,,8.2,,1009.4,
2024-05-22 00:00:00,14.6,14,16,3.9,,,17,,1006.5,
2024-05-23 00:00:00,15.2,13,19,0,,,18.2,,1013.1,
2024-05-24 00:00:00,14.8,11,19,0,,,9.3,,1018.2,
2024-05-25 00:00:00,15.9,10,20,0,,,8.4,,1016.5,
2024-05-26 00:00:00,16,13,20,9.4,,,15.2,,1011.7,
2024-05-27 00:00:00,13.8,12,17,1.1,,,15.4,,1014.9,
2024-05-28 00:00:00,14.4,11,18,3.2,,,15,,1012.3,
2024-05-29 00:00:00,16.7,14,20,0.5,,,18.4,,1008.4,
2024-05-30 00:00:00,15,13,18,3.9,,,17.6,,1010.1,
2024-05-31 00:00:00,13.2,12,14,3,,,18.8,,1018.6,
2024-06-01 00:00:00,13.2,10,16,0,,,14.5,,1025.1,
2024-06-02 00:00:00,16.2,11,23,0,,,12.1,,1026.2,
2024-06-03 00:00:00,17.1,13,21,0,,,9.1,,1020.9,
2024-06-04 00:00:00,17.6,13,21,1.5,,,16,,1011.4,
2024-06-05 00:00:00,14.2,11,17,0,,,13.7,,1013.7,
2024-06-06 00:00:00,15.1,11,19,0.2,,,13,,1016.8,
2024-06-07 00:00:00,15.9,11,20,0.1,,,15.8,,1017.8,
2024-06-08 00:00:00,15.5,12,19,0.3,,,15.2,,1013.2,
2024-06-09 00:00:00,14.3,10,16,0,,,14.1,,1012.7,
2024-06-10 00:00:00,12.6,11,15,5.7,,,15.5,,1010.8,
2024-06-11 00:00:00,12.4,10,15,0.7,,,10.1,,1018.1,
2024-06-12 00:00:00,13.3,10,16,0.2,,,6.7,,1020.5,
2024-06-13 00:00:00,13.8,10,17,1.1,,,15.1,,1013.1,
2024-06-14 00:00:00,15.4,12,19,2.1,,,18.6,,1001.2,
2024-06-15 00:00:00,13.9,11,18,4.3,,,20.1,,999.1,
2024-06-16 00:00:00,16.2,12,21,0.2,,,18.5,,1002.1,
2024-06-17 00:00:00,17.5,12,23,0,,,13.2,,1009.7,
2024-06-18 00:00:00,17.8,15,21,0.4,,,8.8,,1014,
2024-06-19 00:00:00,15.6,13,20,0,,,15.7,,1020.7,
2024-06-20 00:00:00,16.3,11,22,0,,,12.8,,1020,
2024-06-21 00:00:00,18.5,13,25,0.3,,,12.2,,1013.1,
2024-06-22 00:00:00,18.3,15,23,1.9,,,14.9,,1012.6,
2024-06-23 00:00:00,19.5,14,24,0,,,10.3,,1019.1,
2024-06-24 00:00:00,22.3,17,27,0,,,9.3,,1018.9,
2024-06-25 00:00:00,22.4,16,28,0,,,10,,1016,
2024-06-26 00:00:00,22.8,17,28,0,,,8.6,,1011.8,
2024-06-27 00:00:00,21.2,17,24,0,,,19.1,,1008.7,
2024-06-28 00:00:00,17.3,14,20,0,,,19,,1015.2,
2024-06-29 00:00:00,18.9,13,24,0,,,7.7,,1013.6,
2024-06-30 00:00:00,17.4,14,19,0.3,,,11.9,,1012.8,
2024-07-01 00:00:00,17.2,15,20,0,,,15.4,,1017.6,
2024-07-02 00:00:00,15.8,14,18,0.2,,,12.4,,1017.6,
2024-07-03 00:00:00,16.1,13,19,2.5,,,13.3,,1009,
2024-07-04 00:00:00,17.3,14,21,0.5,,,24.2,,1008.6,
2024-07-05 00:00:00,17,13,22,18.3,,,17,,1005.8,
2024-07-06 00:00:00,15.2,12,17,7.2,,,21.8,,1001.6,
2024-07-07 00:00:00,15,12,18,12.5,,,15.2,,1009.8,
2024-07-08 00:00:00,15.8,12,19,3.1,,,10.9,,1014.8,
2024-07-09 00:00:00,17.5,15,19,9.4,,,14.4,,1010.5,
2024-07-10 00:00:00,18.4,16,21,0.3,,,17.9,,1012.1,
2024-07-11 00:00:00,18.5,14,23,0.1,,,15.2,,1016.7,
2024-07-12 00:00:00,15.5,14,18,1.1,,,13.3,,1016.6,
2024-07-13 00:00:00,16,13,20,0.6,,,12,,1013.8,
2024-07-14 00:00:00,17.9,13,22,0,,,11.7,,1011.7,
2024-07-15 00:00:00,17.9,14,22,4.4,,,12.2,,1008.2,
2024-07-16 00:00:00,18.3,15,21,1.3,,,14.7,,1009.1,
2024-07-17 00:00:00,19.6,15,24,0,,,9,,1019.7,
2024-07-18 00:00:00,21.5,15,27,0,,,8.6,,1020.2,
2024-07-19 00:00:00,24.5,17,31,0,,,10.2,,1015.8,
2024-07-20 00:00:00,21.1,18,24,0,,,12.9,,1008.2,
2024-07-21 00:00:00,20.8,18,24,0,,,13.8,,1009.8,
2024-07-22 00:00:00,19.3,15,23,0.3,,,17.7,,1014.5,
2024-07-23 00:00:00,20,17,23,1.5,,,12.7,,1017.5,
2024-07-24 00:00:00,20.3,16,25,0.7,,,13.1,,1019.9,
2024-07-25 00:00:00,18.1,16,20,2.4,,,15.7,,1011.3,
2024-07-26 00:00:00,19.1,14,24,0,,,15.7,,1010.6,
2024-07-27 00:00:00,19.1,15,23,0,,,10.5,,1014.7,
2024-07-28 00:00:00,20.6,15,25,0,,,8.6,,1024.2,
2024-07-29 00:00:00,21.5,15,27,0,,,15.2,,1020.9,
2024-07-30 00:00:00,23.5,18,31,0,,,11.8,,1016.5,
2024-07-31 00:00:00,22.3,18,28,0.2,,,18.9,,1014.5,
2024-08-01 00:00:00,22,18,28,8.7,,,11.5,,1012.6,
2024-08-02 00:00:00,22.4,19,28,0.2,,,11.1,,1011.7,
2024-08-03 00:00:00,21.6,19,25,0.1,,,16.6,,1011.1,
2024-08-04 00:00:00,19.1,16,24,0,,,10.8,,1015,
2024-08-05 00:00:00,20.6,15,26,0,,,14.4,,1012.4,
2024-08-06 00:00:00,20.2,18,24,1.8,,,13.7,,1009.4,
2024-08-07 00:00:00,18.8,14,22,0,,,16.6,,1012.1,
2024-08-08 00:00:00,18.6,15,22,0.3,,,17.5,,1013.6,
2024-08-09 00:00:00,21.6,19,25,0,,,22.4,,1013.5,
2024-08-10 00:00:00,20.5,16,26,0,,,15.5,,1019.3,
2024-08-11 00:00:00,22.2,18,27,0,,,16.9,,1019.5,
2024-08-12 00:00:00,25.4,19,33,0,,,17.4,,1008.6,
2024-08-13 00:00:00,21.6,16,27,0.6,,,14.8,,1009.1,
2024-08-14 00:00:00,21.4,19,25,0.4,,,10,,1013.1,
2024-08-15 00:00:00,19.8,16,23,0,,,19.2,,1014.4,
2024-08-16 00:00:00,20,16,25,0.4,,,10.7,,1014.2,
2024-08-17 00:00:00,19.1,15,23,0,,,10,,1013.4,
2024-08-18 00:00:00,19.6,15,24,0,,,13.1,,1014.1,
2024-08-19 00:00:00,18.1,14,21,1,,,12.4,,1015.4,
2024-08-20 00:00:00,20.2,17,23,0.3,,,20.3,,1009.5,
2024-08-21 00:00:00,17.2,13,21,0,,,19.9,,1016.4,
2024-08-22 00:00:00,18,16,20,2.9,,,22,,1006.9,
2024-08-23 00:00:00,19.8,17,23,2.2,,,23.7,,1003.7,
2024-08-24 00:00:00,15.8,14,18,11.7,,,11.9,,1005.3,
2024-08-25 00:00:00,16.2,12,21,0,,,20.1,,1017.7,
2024-08-26 00:00:00,18.8,16,23,0,,,15.4,,1019.1,
2024-08-27 00:00:00,20.2,16,25,,,,11.7,,,
2024-08-28 00:00:00,21.8,15,28,,,,10.8,,,
2024-08-29 00:00:00,19.3,15,22,,,,14.7,,,
2024-08-30 00:00:00,18,14,22,,,,11.1,,,
2024-08-31 00:00:00,17.8,16,20,,,,17.9,,,
2024-09-01 00:00:00,20.7,17,26,,,,14.2,,,
2024-09-02 00:00:00,20,19,21,,,,11.4,,,
2024-09-03 00:00:00,19.3,17,24,,,,12.6,,,
2024-09-04 00:00:00,17.5,15,19,,,,9.8,,1016.5,
2024-09-05 00:00:00,17.2,14,20,1.6,,,12,,1012.4,
2024-09-06 00:00:00,18.1,16,20,3.2,,,9.6,,1010,
2024-09-07 00:00:00,17.5,15,20,0.4,,,4.4,,1009.5,
2024-09-08 00:00:00,17.6,15,20,2.3,,,7.6,,1004,
2024-09-09 00:00:00,16,15,17,0,,,16.9,,1009.5,
2024-09-10 00:00:00,14.8,12,19,5.4,,,20.6,,1008.4,
2024-09-11 00:00:00,12.1,10,15,0.6,,,20.4,,1009,
2024-09-12 00:00:00,11.4,9,14,3.1,,,15.3,,1016,
2024-09-13 00:00:00,12,7,17,0,,,7.3,,1027.9,
2024-09-14 00:00:00,13.8,8,19,0,,,10.1,,1030.2,
2024-09-15 00:00:00,15.3,11,20,0.4,,,11.5,,1027,
2024-09-16 00:00:00,16.3,13,20,0,,,10.3,,1028.5,
2024-09-17 00:00:00,16,11,21,0,,,13.4,,1030.7,
2024-09-18 00:00:00,18.5,15,23,0,,,16,,1027.8,
2024-09-19 00:00:00,19.5,16,25,0,,,17.8,,1024.4,
2024-09-20 00:00:00,18.5,16,22,0.6,,,17.4,,1020.8,
2024-09-21 00:00:00,18.8,16,23,0.1,,,12.2,,1017.3,
2024-09-22 00:00:00,18.5,17,21,21,,,10.5,,1011.5,
2024-09-23 00:00:00,17.2,16,20,13.5,,,14.6,,1003.8,
2024-09-24 00:00:00,15.3,14,17,11.6,,,13.5,,1002.9,
2024-09-25 00:00:00,14.3,11,17,10.1,,,13.1,,998.6,
2024-09-26 00:00:00,15.1,13,18,16.8,,,16,,986.8,
2024-09-27 00:00:00,12,10,14,5.8,,,17.7,,1000.5,
2024-09-28 00:00:00,10.6,6,15,0,,,9.3,,1022.8,
2024-09-29 00:00:00,11.3,8,15,5.9,,,13.8,,1020.1,
2024-09-30 00:00:00,14.2,11,17,12.4,,,24.3,,1002.1,
2024-10-01 00:00:00,13.1,12,14,6.5,,,20.9,,1006.5,
2024-10-02 00:00:00,14.4,13,16,1.6,,,14.2,,1013,
2024-10-03 00:00:00,12.3,10,15,0.3,,,8,,1020.9,
2024-10-04 00:00:00,11.9,8,17,0,,,3.6,,1021.2,
2024-10-05 00:00:00,12.8,9,17,0,,,11.7,,1015,
2024-10-06 00:00:00,13.6,11,16,2,,,14.5,,1000.6,
2024-10-07 00:00:00,15.1,12,19,4.5,,,12.5,,997.3,
2024-10-08 00:00:00,15.2,13,18,3.7,,,13.3,,992.5,
2024-10-09 00:00:00,14.5,13,16,0.3,,,12,,986.9,
2024-10-10 00:00:00,10.9,9,13,0.3,,,11.9,,1004.7,
2024-10-11 00:00:00,9,5,13,0,,,7.3,,1016.1,
2024-10-12 00:00:00,11.3,8,16,1.8,,,15.2,,1008.4,
2024-10-13 00:00:00,9,7,11,0,,,12.4,,1017.5,
2024-10-14 00:00:00,10.6,8,12,12.5,,,18.5,,1015.4,
2024-10-15 00:00:00,13.5,11,17,0,,,16.6,,1013.8,
2024-10-16 00:00:00,17.7,14,22,4.8,,,14.2,,1002.7,
2024-10-17 00:00:00,16.2,13,19,2.1,,,10.5,,1009.1,
2024-10-18 00:00:00,12.7,9,17,0.3,,,8,,1014,
2024-10-19 00:00:00,14.5,12,17,3.5,,,12.2,,1011.2,
2024-10-20 00:00:00,14.8,12,18,3.3,,,17.7,,1010.7,
2024-10-21 00:00:00,13.5,11,15,0.3,,,12,,1020.2,
2024-10-22 00:00:00,12.8,10,16,0.2,,,11.7,,1027.7,
2024-10-23 00:00:00,13.6,11,17,0.1,,,7.8,,1031,
2024-10-24 00:00:00,13.1,9,18,0,,,12.4,,1019.7,
2024-10-25 00:00:00,14.6,13,17,0,,,10.7,,1013.8,
2024-10-26 00:00:00,12.4,10,15,0,,,2.7,,1016,
2024-10-27 00:00:00,12,9,16,0,,,7.1,,1021.2,
2024-10-28 00:00:00,14.2,12,16,0,,,14.2,,1021.3,
2024-10-29 00:00:00,14.5,13,16,0.2,,,7.4,,1024.1,
2024-10-30 00:00:00,13.3,11,15,0,,,4.5,,1028.7,
2024-10-31 00:00:00,12.8,11,15,0,,,1.8,,1026.8,
2024-11-01 00:00:00,12.5,12,13,0,,,10.9,,1025.2,
2024-11-02 00:00:00,12.9,12,14,0,,,12,,1030,
2024-11-03 00:00:00,12.1,11,13,0,,,13.7,,1028.4,
2024-11-04 00:00:00,11.2,10,13,0,,,12.5,,1025.2,
2024-11-05 00:00:00,11,10,12,0,,,5.2,,1023.3,
2024-11-06 00:00:00,9.7,9,10,0,,,5.4,,1030.6,
2024-11-07 00:00:00,10.2,9,12,0,,,9.4,,1030.4,
2024-11-08 00:00:00,9.2,8,10,0,,,11.6,,1025.5,
2024-11-09 00:00:00,8.3,8,9,0,,,4,,1024.2,
2024-11-10 00:00:00,9.4,7,12,0,,,6.2,,1028,
2024-11-11 00:00:00,10.4,7,13,0,,,9.1,,1034.6,
2024-11-12 00:00:00,9.5,7,13,0,,,14,,1035.4,
2024-11-13 00:00:00,9.5,8,11,0,,,6.4,,1034.6,
2024-11-14 00:00:00,10,8,12,0.4,,,8,,1031.5,
2024-11-15 00:00:00,8.7,6,10,0,,,5.7,,1027.2,
2024-11-16 00:00:00,8.6,5,11,0.8,,,13.1,,1018.6,
2024-11-17 00:00:00,9.1,8,11,0,,,16.2,,1014.2,
2024-11-18 00:00:00,7.7,7,9,10.9,,,7.9,,1009.1,
2024-11-19 00:00:00,4.8,2,12,6.6,,,12.3,,998.3,
2024-11-20 00:00:00,2.8,1,6,0,,,18.7,,1008.9,
2024-11-21 00:00:00,2.1,1,4,0,,,10.8,,1001.4,
2024-11-22 00:00:00,4.5,1,8,1.3,,,18.6,,1007.7,
2024-11-23 00:00:00,9.4,3,15,8.1,,,21.4,,1003.3,
2024-11-24 00:00:00,16.2,13,18,6.3,,,33.8,,995,
2024-11-25 00:00:00,10.5,8,12,2.6,,,18.5,,1001.6,
2024-11-26 00:00:00,8.2,7,11,0.3,,,10.2,,1015,
2024-11-27 00:00:00,6.9,4,10,16.4,,,15.2,,1012.9,
2024-11-28 00:00:00,4,1,7,0,,,5.8,,1028,
2024-11-29 00:00:00,6.3,3,10,0,,,11.1,,1026.2,
2024-11-30 00:00:00,11.7,7,14,0,,,8.4,,1023.1,
2024-12-01 00:00:00,12.2,11,13,0.8,,,14.1,,1014.1,
2024-12-02 00:00:00,10.1,8,12,0,,,17.7,,1013.1,
2024-12-03 00:00:00,6.5,5,8,0,,,6.4,,1022.7,
2024-12-04 00:00:00,7.2,4,10,0.4,,,11,,1024,
2024-12-05 00:00:00,12.4,9,15,13.8,,,22.3,,1007.2,
2024-12-06 00:00:00,9.1,8,11,0.7,,,20.2,,1012.9,
2024-12-07 00:00:00,8.8,7,13,5.2,,,34.3,,993.2,
2024-12-08 00:00:00,7.8,7,9,5.3,,,25.3,,1015.5,
2024-12-09 00:00:00,7.8,7,8,0.2,,,20,,1031.5,
2024-12-10 00:00:00,6.6,6,7,,,,19.9,,,
2024-12-11 00:00:00,6.6,6,7,,,,14.4,,,
2024-12-12 00:00:00,6.8,4,8,,,,7.6,,,
2024-12-13 00:00:00,5,4,7,,,,9.4,,,
2024-12-14 00:00:00,6.2,4,8,0,,,14.4,,1022.3,
2024-12-15 00:00:00,9.8,5,12,0,,,18.6,,1027.2,
2024-12-16 00:00:00,10.8,9,12,1.1,,,19.5,,1030.5,
2024-12-17 00:00:00,8.8,6,10,0.8,,,11.7,,1023.1,
2024-12-18 00:00:00,13.1,10,14,2.8,,,24.2,,1005.7,
2024-12-19 00:00:00,7.6,6,14,3.1,,,24.2,,1007.5,
2024-12-20 00:00:00,6.5,3,10,0.8,,,16.8,,1018.5,
2024-12-21 00:00:00,9.2,6,13,0.3,,,22.3,,1010.5,
2024-12-22 00:00:00,6.7,5,9,0.9,,,29.8,,1006.4,
2024-12-23 00:00:00,6.4,5,7,0.2,,,16.3,,1022.3,
2024-12-24 00:00:00,10,6,12,0,,,12.1,,1025.7,
2024-12-25 00:00:00,9.2,8,10,0,,,9.7,,1032.5,
2024-12-26 00:00:00,6.8,6,8,0,,,4.8,,1034.7,
2024-12-27 00:00:00,6.2,5,7,0,,,3.9,,1032.7,
2024-12-28 00:00:00,4.8,4,6,0,,,8,,1029.1,
2024-12-29 00:00:00,5.4,4,8,0,,,10.4,,1029.6,
2024-12-30 00:00:00,8.4,8,9,0,,,19.1,,1027.6,
2024-12-31 00:00:00,10.5,8,12,0,,,21.3,,1019.8,
2025-01-01 00:00:00,9.8,6,13,8,,,28.2,,1008,
2025-01-02 00:00:00,3.3,1,6,0,,,11.2,,1018.1,
2025-01-03 00:00:00,1.5,-1,5,0,,,11.3,,1023.3,
2025-01-04 00:00:00,2,1,4,3.7,,,10.6,,1014.7,
2025-01-05 00:00:00,8.5,1,13,19.9,,,20.2,,988,
2025-01-06 00:00:00,7.6,3,13,3.7,,,25.9,,982.5,
2025-01-07 00:00:00,3.4,2,6,0,,,17.6,,998.8,
2025-01-08 00:00:00,1.9,1,3,2.7,,,10.1,,1001.5,
2025-01-09 00:00:00,2.6,1,5,0,,,11.8,,1008.1,
2025-01-10 00:00:00,-0.1,-2,2,0,,,4,,1020.2,
2025-01-11 00:00:00,-0.1,-3,5,0,,,2.6,,1030.2,
2025-01-12 00:00:00,-0.2,-3,4,0,,,1.4,,1039.8,
2025-01-13 00:00:00,4.9,3,7,0,,,9.6,,1039,
2025-01-14 00:00:00,6.9,3,10,0,,,11.7,,1034.7,
2025-01-15 00:00:00,8.9,8,10,0,,,5.5,,1034.2,
2025-01-16 00:00:00,8,7,10,0,,,8.5,,1034.5,
2025-01-17 00:00:00,5.1,4,6,0,,,8.6,,1035.3,
2025-01-18 00:00:00,2.8,2,4,0,,,8.5,,1029.4,
2025-01-19 00:00:00,2.8,2,4,0,,,8.8,,1021.1,
2025-01-20 00:00:00,4,2,6,0,,,6.2,,1018.1,
2025-01-21 00:00:00,3.1,1,5,0,,,6.9,,1013.5,
2025-01-22 00:00:00,3.7,2,5,0.9,,,6.8,,1004.2,
2025-01-23 00:00:00,5.5,2,9,4.2,,,15,,1002.5,
2025-01-24 00:00:00,9.7,6,11,4.9,,,23.3,,996,
2025-01-25 00:00:00,6.3,3,9,1.6,,,10.5,,1004.4,
2025-01-26 00:00:00,5.8,2,10,9.8,,,17.2,,995.2,
2025-01-27 00:00:00,8.5,6,10,5.7,,,25.1,,981.4,
2025-01-28 00:00:00,9,8,10,2.3,,,23.1,,983.8,
2025-01-29 00:00:00,6.8,5,8,0.4,,,11.8,,1002.9,
2025-01-30 00:00:00,5.5,3,8,0,,,12.1,,1019.5,
2025-01-31 00:00:00,5.9,4,7,3.5,,,7.7,,1024.9,
2025-02-01 00:00:00,4.7,1,6,0,,,9.5,,1028.9,
2025-02-02 00:00:00,3.6,0,8,0,,,7.2,,1023.1,
2025-02-03 00:00:00,5.4,1,9,0,,,8.2,,1024.6,
2025-02-04 00:00:00,8.7,7,10,0.2,,,15.9,,1023.2,
2025-02-05 00:00:00,7,4,10,0,,,10.2,,1037.4,
2025-02-06 00:00:00,4.9,1,8,0,,,11.3,,1041.5,
2025-02-07 00:00:00,4.2,3,5,6,,,23,,1025.1,
2025-02-08 00:00:00,4.9,3,6,2.1,,,14,,1018.2,
2025-02-09 00:00:00,4.3,2,6,2.1,,,10.3,,1027.6,
2025-02-10 00:00:00,4.2,3,5,2,,,16.3,,1023.6,
2025-02-11 00:00:00,3.8,3,5,0,,,7.8,,1018.2,
2025-02-12 00:00:00,4.6,4,6,0,,,6.9,,1019.3,
2025-02-13 00:00:00,4.2,4,5,0,,,11,,1023.5,
2025-02-14 00:00:00,3.3,2,5,0,,,14.5,,1025,
2025-02-15 00:00:00,3.5,2,6,0,,,13,,1020.3,
2025-02-16 00:00:00,3.3,3,4,0,,,20.3,,1020.5,
2025-02-17 00:00:00,2.3,0,5,0,,,18,,1022.3,
2025-02-18 00:00:00,2.7,0,6,0,,,17,,1020.5,
2025-02-19 00:00:00,5,1,8,0,,,13.1,,1016,
2025-02-20 00:00:00,11.6,7,13,5.2,,,17.7,,1014.4,
2025-02-21 00:00:00,13.4,12,16,3.7,,,18.3,,1010.1,
2025-02-22 00:00:00,10.9,8,14,6.1,,,10.4,,1013.2,
2025-02-23 00:00:00,10,7,11,1.1,,,18.7,,1020,
2025-02-24 00:00:00,11,8,14,11.7,,,16.9,,1011.7,
2025-02-25 00:00:00,8.8,6,11,1.1,,,11.6,,1013.6,
2025-02-26 00:00:00,6.5,4,9,8.1,,,14.2,,1013.2,
2025-02-27 00:00:00,6.7,5,10,0,,,13.8,,1019.5,
2025-02-28 00:00:00,5.7,2,9,0,,,6.3,,1029,
2025-03-01 00:00:00,4.8,2,9,0,,,6,,1034.3,
2025-03-02 00:00:00,4.7,1,10,0,,,5.3,,1034.2,
2025-03-03 00:00:00,5.4,-1,12,0,,,4,,1029.5,
2025-03-04 00:00:00,7.2,1,14,0,,,6.9,,1026,
2025-03-05 00:00:00,8,2,15,0,,,8.4,,1021.7,
2025-03-06 00:00:00,10.4,3,17,0,,,9.6,,1014.2,
2025-03-07 00:00:00,12.7,9,17,0,,,11.5,,1011.9,
2025-03-08 00:00:00,11,6,17,0,,,14.9,,1008.1,
2025-03-09 00:00:00,10.8,7,16,0,,,14.2,,1003,
2025-03-10 00:00:00,9.8,8,13,0.4,,,9,,1003.5,
2025-03-11 00:00:00,6.8,5,8,0,,,12.9,,1007.4,
2025-03-12 00:00:00,5.8,3.3,8,1.4,,,10.3,,1003.2,
2025-03-13 00:00:00,4.3,3,7,2.4,,,9.5,,1004,
2025-03-14 00:00:00,4.6,1,8,0.6,,,9.1,,1012,
2025-03-15 00:00:00,4.7,2,8,,,,14.4,,,
2025-03-16 00:00:00,5.2,1,9,,,,12.8,,,
2025-03-17 00:00:00,6.2,4,8,,,,16.2,,,
2025-03-18 00:00:00,6.1,4,9,,,,18,,,
2025-03-19 00:00:00,9.4,2,18,,,,6.9,,,
2025-03-20 00:00:00,12.8,9,19,,,,10.9,,,
2025-03-21 00:00:00,12.1,8,15,,,,17.5,,,
2025-03-22 00:00:00,13.2,11,16,1.8,,,11.4,,1000,
2025-03-23 00:00:00,10.7,8,13,2.8,,,7.3,,1003.6,
2025-03-24 00:00:00,9.2,7,13,0.1,,,8.7,,1017.5,
2025-03-25 00:00:00,10,6,14,0.7,,,9.9,,1022,
2025-03-26 00:00:00,12.2,9,17,0.1,,,8.4,,1024.8,
2025-03-27 00:00:00,10.8,7,15,0,,,12.9,,1020,
2025-03-28 00:00:00,11.3,9,15,0.3,,,18.2,,1012.6,
2025-03-29 00:00:00,9.8,6,15,0,,,15.1,,1020.3,
2025-03-30 00:00:00,13,11,16,0,,,19.9,,1020.4,
2025-03-31 00:00:00,10.7,7,16,0,,,10.4,,1028.3,
2025-04-01 00:00:00,9.3,6,13,0,,,24.1,,1025.8,
2025-04-02 00:00:00,11,7,15,0,,,23.5,,1021.6,
2025-04-03 00:00:00,12.7,10,17,0,,,19.5,,1019.3,
2025-04-04 00:00:00,13.8,9,21,0,,,14.5,,1018.9,
2025-04-05 00:00:00,10.8,6,16,0,,,19.8,,1020.4,
2025-04-06 00:00:00,9.4,6,14,0,,,17.4,,1023.3,
2025-04-07 00:00:00,9,4,14,0,,,14.1,,1026,
2025-04-08 00:00:00,9.2,4,15,0,,,11.4,,1027,
2025-04-09 00:00:00,7.9,4,12,0,,,12.4,,1029.1,
2025-04-10 00:00:00,9.9,5,15,0,,,8.1,,1030.5,
2025-04-11 00:00:00,14.1,7,22,0,,,9.4,,1021.6,
2025-04-12 00:00:00,14,8,21,0,,,12.6,,1007,
2025-04-13 00:00:00,13.5,11,16,3.2,,,15.9,,1003,
2025-04-14 00:00:00,11.5,7,16,0,,,11.8,,1004.8,
2025-04-15 00:00:00,12.3,10,16,11.1,,,10.2,,996.2,
2025-04-16 00:00:00,11.3,9,15,0.1,,,22.5,,1004.1,
2025-04-17 00:00:00,11.7,7,16,0,,,8,,1012.2,
2025-04-18 00:00:00,13.2,9,17,0.2,,,16.9,,1010.6,
2025-04-19 00:00:00,12.4,9,15,0.2,,,25.4,,1008,
2025-04-20 00:00:00,9.2,6,12,0.2,,,15.1,,1007.7,
2025-04-21 00:00:00,12.3,10,16,0.7,,,8.6,,1009.4,
2025-04-22 00:00:00,12.2,8,17,0,,,13,,1015.8,
2025-04-23 00:00:00,10.2,9,12,8.5,,,17.4,,1013.2,
2025-04-24 00:00:00,11.5,9,15,0,,,10,,1021.6,
2025-04-25 00:00:00,10.4,7,14,0,,,12.2,,1023,
2025-04-26 00:00:00,12,9,17,0,,,13.2,,1022.8,
2025-04-27 00:00:00,14.3,9,20,0,,,6.5,,1025.7,
2025-04-28 00:00:00,16.3,11,22,0,,,9.4,,1026.6,
2025-04-29 00:00:00,15.6,10,21,0,,,15.2,,1025.9,
2025-04-30 00:00:00,16.3,10,24,0,,,11.9,,1022.4,
2025-05-01 00:00:00,18.8,12,28,0,,,8,,1017,
2025-05-02 00:00:00,18.5,14,23,1.1,,,11.3,,1015.1,
2025-05-03 00:00:00,14.4,11,20,0,,,12.9,,1014.1,
2025-05-04 00:00:00,10.2,8,13,0,,,13.7,,1018.3,
2025-05-05 00:00:00,9.5,5,13,1,,,18.3,,1021.3,
2025-05-06 00:00:00,10.2,7,14,0,,,14.1,,1024.7,
2025-05-07 00:00:00,11.1,7,15,0,,,14,,1023.5,
2025-05-08 00:00:00,11.8,9,15,0,,,13.8,,1020.8,
2025-05-09 00:00:00,12.8,7,18,0,,,17.4,,1020.5,
2025-05-10 00:00:00,15.3,9,21,0,,,17.5,,1017.7,
2025-05-11 00:00:00,17.1,10,23,0,,,17.7,,1010.9,
2025-05-12 00:00:00,18.8,15,24,3.1,,,10.7,,1011,
2025-05-13 00:00:00,17.4,13,22,0,,,14.6,,1017.5,
2025-05-14 00:00:00,15.2,10,21,0,,,13.7,,1021.1,
2025-05-15 00:00:00,11.9,9,14,0,,,12.6,,1024.6,
2025-05-16 00:00:00,12.5,8,17,0,,,13.3,,1025.8,
2025-05-17 00:00:00,14,10,18,0,,,10.9,,1022.8,
2025-05-18 00:00:00,12.8,10,16,0,,,11.9,,1020.4,
2025-05-19 00:00:00,14.3,10,20,0,,,16,,1020.4,
2025-05-20 00:00:00,15.3,9,22,0,,,9.6,,1020.4,
2025-05-21 00:00:00,15.2,12,18,0.8,,,9.5,,1017,
2025-05-22 00:00:00,11.8,8,14,0,,,8,,1019.2,
2025-05-23 00:00:00,13.8,7,19,0.1,,,11.8,,1019,
2025-05-24 00:00:00,16.8,13,22,4.2,,,19.9,,1011.8,
2025-05-25 00:00:00,16.8,14,20,0.8,,,25.2,,1009.2,
2025-05-26 00:00:00,15,12,18,0.3,,,21.6,,1014.9,
2025-05-27 00:00:00,15.5,13,17,5.3,,,24,,1011.2,
2025-05-28 00:00:00,17.6,15,21,0.2,,,20.4,,1015.3,
2025-05-29 00:00:00,19.2,14,25,0.2,,,19,,1018.5,
2025-05-30 00:00:00,19.4,16,24,0,,,14.7,,1018.8,
2025-05-31 00:00:00,20.8,17,26,0,,,12.6,,1016,
2025-06-01 00:00:00,17.6,15,22,0,,,18.7,,1013.7,
2025-06-02 00:00:00,17,14,21,0,,,15.2,,1015.8,
2025-06-03 00:00:00,14.7,12,17,3.2,,,20.8,,1007.1,
2025-06-04 00:00:00,15,12,19,0,,,16.9,,1006,
2025-06-05 00:00:00,14.4,13,16,7.5,,,15.7,,1003.2,
2025-06-06 00:00:00,15.8,11,20,1.3,,,19.8,,1006.1,
2025-06-07 00:00:00,14.1,12,18,12.3,,,15.3,,1006,
2025-06-08 00:00:00,14.7,11,19,0,,,22,,1016.3,
2025-06-09 00:00:00,16.5,12,21,0,,,15.3,,1020.6,
2025-06-10 00:00:00,18,15,22,0,,,19.6,,1016.6,
2025-06-11 00:00:00,16.9,14,22,0,,,19.2,,1019.6,
2025-06-12 00:00:00,19.8,14,26,0,,,17.8,,1013.2,
2025-06-13 00:00:00,22.2,17,29,1.3,,,12.5,,1017.4,
2025-06-14 00:00:00,20.2,17,25,10.2,,,17.8,,1015.4,
2025-06-15 00:00:00,19.3,14,24,0,,,17.3,,1021.8,
2025-06-16 00:00:00,20.8,16,26,0,,,11.1,,1027,
2025-06-17 00:00:00,22,16,27,0,,,14,,1025,
2025-06-18 00:00:00,22.8,17,28,0,,,10.7,,1024.2,
2025-06-19 00:00:00,24.1,18,31,0,,,10.6,,1024.5,
2025-06-20 00:00:00,22.2,18,27,0,,,18.4,,1023.6,
2025-06-21 00:00:00,24.4,16,32,0,,,13.7,,1017.5,
2025-06-22 00:00:00,22.5,18,26,0,,,21.1,,1012.4,
2025-06-23 00:00:00,19.6,17,23,0.2,,,26.1,,1012.6,
2025-06-24 00:00:00,20,15,27,1.1,,,20.4,,1012.2,
2025-06-25 00:00:00,21.9,17,28,0,,,12.6,,1011.2,
2025-06-26 00:00:00,21.4,18,25,1,,,22.4,,1011.6,
2025-06-27 00:00:00,20.6,14,27,2.1,,,17.6,,1019.8,
2025-06-28 00:00:00,23.7,19,30,0,,,18.1,,1022.8,
2025-06-29 00:00:00,24,20,30,0,,,11.5,,1024.1,
2025-06-30 00:00:00,25.1,18,32,0,,,14,,1018,
2025-07-01 00:00:00,27.4,23,32,0,,,10,,1013.2,
2025-07-02 00:00:00,19.8,18,23,6.3,,,12.6,,1017.3,
2025-07-03 00:00:00,19.6,14,25,0,,,9.9,,1027.1,
2025-07-04 00:00:00,21.6,15,27,0,,,15.9,,1025.5,
2025-07-05 00:00:00,20,18,22,1.4,,,21.8,,1014.8,
2025-07-06 00:00:00,19.8,18,21,3.5,,,14.8,,1006.4,
2025-07-07 00:00:00,17.5,14,21,7,,,16.1,,1010.9,
2025-07-08 00:00:00,18.8,13,23,0,,,14.5,,1017,
2025-07-09 00:00:00,21.2,16,26,0,,,9.2,,1021,
2025-07-10 00:00:00,23.4,18,29,0,,,12.4,,1022,
2025-07-11 00:00:00,24.2,18,30,0,,,11.6,,1020.2,
2025-07-12 00:00:00,22.2,18,27,0,,,13.8,,1016.3,
2025-07-13 00:00:00,20.6,15,27,0,,,10.4,,1012.6,
2025-07-14 00:00:00,21.5,18,25,0.8,,,17.6,,1012.7,
2025-07-15 00:00:00,19,16,22,0.3,,,21,,1015,
2025-07-16 00:00:00,19.8,16,24,0,,,16.7,,1015.4,
2025-07-17 00:00:00,22.4,18,27,2.9,,,9.8,,1016.4,
2025-07-18 00:00:00,24.2,19,29,0,,,10.9,,1012.2,
2025-07-19 00:00:00,20.2,18,23,25.3,,,7.8,,1005.8,
2025-07-20 00:00:00,19.1,17,22,7.2,,,14.6,,1000.8,
2025-07-21 00:00:00,18.6,16,25,3.2,,,11.8,,1000.3,
2025-07-22 00:00:00,19.2,16,22,1,,,11.3,,1009.4,
2025-07-23 00:00:00,19.4,17,22,0,,,9.4,,1013.3,
2025-07-24 00:00:00,18,17,20,0.9,,,11.4,,1017.2,
2025-07-25 00:00:00,21.2,17,26,0,,,9.4,,1018.6,
2025-07-26 00:00:00,20.3,17,23,0.2,,,11.8,,1016.6,
2025-07-27 00:00:00,18.6,16,21,0.3,,,10.6,,1017.2,
2025-07-28 00:00:00,19.9,16,23,0,,,10,,1019.5,
2025-07-29 00:00:00,18.3,16,20,0.3,,,8.4,,1019,
2025-07-30 00:00:00,20.2,17,25,0.1,,,9.8,,1018,
2025-07-31 00:00:00,19.9,16,23,9.6,,,12.5,,1015.9,
2025-08-01 00:00:00,17,15,20,2.2,,,11.6,,1016,
2025-08-02 00:00:00,17.6,14,21,0,,,9.8,,1018.2,
2025-08-03 00:00:00,19.5,14,24,0,,,14.9,,1017.8,
2025-08-04 00:00:00,20.5,18,22,0.7,,,18,,1015.2,
2025-08-05 00:00:00,18.9,15,22,0,,,21.5,,1021.3,
2025-08-06 00:00:00,18.4,13,23,0,,,10.7,,1023.1,
2025-08-07 00:00:00,19.3,16,23,0,,,16.7,,1015.3,
2025-08-08 00:00:00,20.7,16,25,0,,,14,,1017.6,
2025-08-09 00:00:00,20.5,15,26,0,,,16.4,,1020.8,
2025-08-10 00:00:00,21.1,15,26,0,,,8.9,,1026.7,
2025-08-11 00:00:00,22,16,28,0,,,12.6,,1022.3,
2025-08-12 00:00:00,24.2,19,31,1.9,,,15.8,,1014.5,
2025-08-13 00:00:00,22.2,19,26,0,,,9.9,,1014.2,
2025-08-14 00:00:00,22.3,18,27,0,,,13.8,,1018,
2025-08-15 00:00:00,23,19,29,0,,,11.7,,1024.2,
2025-08-16 00:00:00,18.7,17,21,0,,,14.2,,1027.1,
2025-08-17 00:00:00,18.6,13,24,0,,,17.3,,1024.1,
2025-08-18 00:00:00,19,17,21,0,,,16.4,,1020.8,
2025-08-19 00:00:00,19.5,16,24,0,,,16.7,,1016,
2025-08-20 00:00:00,17.5,16,20,0,,,15.6,,1016.1,
2025-08-21 00:00:00,17,15,20,0,,,12.5,,1017.9,
2025-08-22 00:00:00,17.2,12,22,0,,,7.2,,1021.2,
2025-08-23 00:00:00,18.6,16,22,0,,,10.4,,1020.6,
2025-08-24 00:00:00,19.3,14,24,0,,,8.3,,1020.5,
2025-08-25 00:00:00,20.9,14,27,0,,,9.9,,1015.8,
2025-08-26 00:00:00,20.2,17,25,0,,,14,,1007.2,
2025-08-27 00:00:00,19,16,22,0.5,,,14.7,,1005.2,
2025-08-28 00:00:00,18.2,15,22,1.1,,,16.4,,1002,
2025-08-29 00:00:00,17.3,15,22,13.4,,,14.8,,996.6,
2025-08-30 00:00:00,17.7,14,21,3.7,,,17,,1002.8,
2025-08-31 00:00:00,18.2,14,22,0.2,,,15.8,,1003.6,
2025-09-01 00:00:00,17.1,15,20,2,,,14.2,,1003.2,
2025-09-02 00:00:00,16.5,14,19,0.7,,,12.8,,1002.8,
2025-09-03 00:00:00,18.3,16,21,17,,,20.7,,997.4,
2025-09-04 00:00:00,16.7,15,20,5.6,,,16.9,,1006.3,
2025-09-05 00:00:00,17.2,12,22,0,,,11.5,,1019.1,
2025-09-06 00:00:00,18.4,13,23,0,,,15.2,,1018.2,
2025-09-07 00:00:00,20.5,17,26,0,,,18.1,,1009.2,
2025-09-08 00:00:00,17.7,15,22,0,,,13.5,,1015.7,
2025-09-09 00:00:00,16.7,11,21,0.1,,,9.1,,1015.2,
2025-09-10 00:00:00,16,14,18,6.5,,,17.2,,1003,
2025-09-11 00:00:00,14.8,13,20,1,,,18.1,,1003.1,
2025-09-12 00:00:00,14.6,12,20,0.3,,,19.2,,1009.7,
2025-09-13 00:00:00,14.5,12,18,1.5,,,14.3,,1008.8,
2025-09-14 00:00:00,14.6,10,18,7.3,,,14.2,,1008.3,
2025-09-15 00:00:00,16.8,15,19,0,,,33.1,,1004.8,
2025-09-16 00:00:00,15.8,13,19,0,,,24.3,,1016.5,
2025-09-17 00:00:00,16.8,14,19,1.9,,,18.1,,1016.8,
2025-09-18 00:00:00,19.5,17,22,0.1,,,18.4,,1018.7,
2025-09-19 00:00:00,20,16,27,0.7,,,11,,1017.3,
2025-09-20 00:00:00,17.4,14,22,0,,,17.4,,1009.3,
2025-09-21 00:00:00,13.1,11,16,0,,,16.5,,1017.2,
2025-09-22 00:00:00,11.9,8,16,0,,,11.6,,1026.3,
2025-09-23 00:00:00,12,7,16,0.6,,,9.9,,1027.9,
2025-09-24 00:00:00,13.5,10,17,0,,,12.5,,1026.6,
2025-09-25 00:00:00,13.8,10,18,0,,,14,,1024.4,
2025-09-26 00:00:00,12.9,11,16,0,,,10.2,,1021.7,
2025-09-27 00:00:00,13.9,10,17,0,,,10.7,,1019.9,
2025-09-28 00:00:00,13.8,11,17,0.2,,,7.3,,1020.6,
2025-09-29 00:00:00,13.5,8,19,0,,,5.5,,1025,
2025-09-30 00:00:00,14.5,10,19,0,,,4.3,,1025.9,
2025-10-01 00:00:00,14.4,11,19,0,,,7.5,,1027.1,
2025-10-02 00:00:00,14.8,10,19,0,,,10,,1022.6,
2025-10-03 00:00:00,16.6,14,18,12.4,,,19.3,,1008.1,
2025-10-04 00:00:00,13.8,12,18,3.2,,,31.9,,1000.5,
2025-10-05 00:00:00,13.8,11,17,0,,,23.6,,1015.4,
2025-10-06 00:00:00,15.4,11,21,0,,,14.5,,1023.7,
2025-10-07 00:00:00,15,13,18,0,,,11.2,,1024,
2025-10-08 00:00:00,14.8,13,17,0.2,,,4.6,,1023.5,
2025-10-09 00:00:00,13.5,11,15,0,,,5.4,,1027.8,
2025-10-10 00:00:00,14.7,14,15,0,,,3.5,,1033.2,
2025-10-11 00:00:00,13.4,11,16,0,,,4.6,,1034.2,
2025-10-12 00:00:00,12.2,9,16,0,,,8.2,,1032.1,
2025-10-13 00:00:00,14.5,13,16,0,,,11.4,,1029.5,
2025-10-14 00:00:00,12.4,11,14,0,,,9.6,,1029.9,
2025-10-15 00:00:00,12.1,11,14,0,,,9.5,,1029.6,
2025-10-16 00:00:00,13.3,11,16,0,,,9.3,,1027.5,
2025-10-17 00:00:00,13.5,12,15,0,,,8.5,,1026.1,
2025-10-18 00:00:00,13,11,16,0,,,13.8,,1022.8,
2025-10-19 00:00:00,13.8,12,16,5.5,,,14.7,,1005,
2025-10-20 00:00:00,14.1,13,16,3.8,,,12.4,,989.4,
2025-10-21 00:00:00,13.7,12,16,0.5,,,19,,992.2,
2025-10-22 00:00:00,12.1,10,15,9.6,,,9.8,,994.9,
2025-10-23 00:00:00,10.3,8,13,27.7,,,25.9,,985.7,
2025-10-24 00:00:00,9.8,7,13,0,,,22.6,,999,
2025-10-25 00:00:00,10.2,8,12,1.8,,,21.2,,1002.5,
2025-10-26 00:00:00,8.7,6,11,0.6,,,22.6,,1007.9,
2025-10-27 00:00:00,12.2,10,14,0,,,23.7,,1006.1,
2025-10-28 00:00:00,13.3,12,15,0,,,20.5,,1006.6,
2025-10-29 00:00:00,11.6,8,13,5.6,,,11.3,,1000.4,
2025-10-30 00:00:00,10.5,7,14,0,,,15,,1006.2,
2025-10-31 00:00:00,15.1,13,16,3,,,18.8,,1002,
2025-11-01 00:00:00,13.3,10,16,5.4,,,18.6,,1002,
2025-11-02 00:00:00,9.9,8,13,0.7,,,13,,1008.4,
2025-11-03 00:00:00,13.8,8,16,1.4,,,20.2,,1012.5,
2025-11-04 00:00:00,15.1,14,17,0,,,17.8,,1011.2,
2025-11-05 00:00:00,16,15,17,0,,,13.8,,1007.8,
2025-11-06 00:00:00,15.8,14,17,12.5,,,6.9,,1005.8,
2025-11-07 00:00:00,14,13,16,0.4,,,10.9,,1005.8,
2025-11-08 00:00:00,12.5,9,15,0.2,,,10.9,,1012.7,
2025-11-09 00:00:00,11.6,8,15,0,,,10.7,,1014.9,
2025-11-10 00:00:00,12.5,10,14,5.6,,,13.3,,1005.6,
2025-11-11 00:00:00,13.2,9,15,0.2,,,15.2,,1005.7,
2025-11-12 00:00:00,14.9,13,17,0.6,,,12.4,,1003.4,
2025-11-13 00:00:00,14.8,13,18,5.3,,,10.8,,1006,
2025-11-14 00:00:00,13.4,13,14,14.8,,,15.4,,1001.5,
2025-11-15 00:00:00,12.1,11,13,0,,,7.8,,1007.8,
2025-11-16 00:00:00,9.5,7,10,0.4,,,13.2,,1012.2,
2025-11-17 00:00:00,6.2,3,8,0,,,12.9,,1021.9,
2025-11-18 00:00:00,4.5,1,7,0.2,,,13.4,,1016.8,
2025-11-19 00:00:00,4.2,2,6,3.6,,,17.6,,1008.1,
2025-11-20 00:00:00,2.4,0,4,0,,,15.2,,1014.7,
2025-11-21 00:00:00,3.4,2,7,0,,,9.1,,1025.6,
2025-11-22 00:00:00,6.8,2,8,7.8,,,13.6,,1017.6,
2025-11-23 00:00:00,8.6,7,11,6.1,,,18,,999.7,
2025-11-24 00:00:00,6.7,6,7,1.1,,,12.9,,994.2,
2025-11-25 00:00:00,5.7,4,7,0,,,13.2,,1013.2,
2025-11-26 00:00:00,5,1,9,0.9,,,9.2,,1021.3,
2025-11-27 00:00:00,12.4,9,14,1.4,,,17.6,,1013.8,
2025-11-28 00:00:00,11.3,10,13,0,,,15.5,,1010.9,
2025-11-29 00:00:00,9.7,5,12,4.3,,,17.6,,1002.6,
2025-11-30 00:00:00,6.4,4,9,0,,,15,,1012.2,
2025-12-01 00:00:00,10.6,8,12,5.9,,,23.4,,1002.8,
2025-12-02 00:00:00,9.4,8,11,0.4,,,11.7,,1002.6,
2025-12-03 00:00:00,7.9,6,11,0,,,8.7,,1007.4,
2025-12-04 00:00:00,7.3,4,8,5.5,,,15,,999.2,
2025-12-05 00:00:00,6.4,3,10,10.2,,,14.3,,1002.6,
2025-12-06 00:00:00,11,10,13,3.5,,,19,,996.5,
2025-12-07 00:00:00,11.7,8,15,4.1,,,16.9,,1001,
2025-12-08 00:00:00,12.9,11,15,3.2,,,14.2,,1008,
2025-12-09 00:00:00,13.4,12,15,5.6,,,20.9,,1004.8,
2025-12-10 00:00:00,11.6,10,14,0,,,16.8,,1015.2,
2025-12-11 00:00:00,10.1,8,12,0,,,11.9,,1018.5,
2025-12-12 00:00:00,10.8,9,13,0.2,,,11.5,,1017.4,
2025-12-13 00:00:00,8,6,11,0,,,8.1,,1026.6,
2025-12-14 00:00:00,9.5,7,11,0,,,15.3,,1018.4,
2025-12-15 00:00:00,10.9,10,11,0,,,15.6,,1006.8,
2025-12-16 00:00:00,10.2,7,13,0.6,,,10,,1009.2,
2025-12-17 00:00:00,7.3,3,11,1.6,,,12.7,,1014.4,
2025-12-18 00:00:00,11.5,11,13,14.6,,,20.6,,1004.9,
2025-12-19 00:00:00,9.3,7,12,0.1,,,13.4,,1014.8,
2025-12-20 00:00:00,7.6,5,10,0,,,8.6,,1012.2,
2025-12-21 00:00:00,9.1,8,10,4.4,,,12.1,,1007,
2025-12-22 00:00:00,8.9,8,10,0.2,,,10.1,,1008,
2025-12-23 00:00:00,7.5,7,9,0,,,17.8,,1018,
2025-12-24 00:00:00,5.4,4,7,0,,,24.5,,1030.9,
2025-12-25 00:00:00,4.6,4,6,0,,,24.1,,1028.4,
2025-12-26 00:00:00,5,4,6,0,,,15.2,,1029.4,
2025-12-27 00:00:00,5.6,2,8,0,,,14.8,,1034.1,
2025-12-28 00:00:00,6.8,5,7,0,,,14.5,,1032,
2025-12-29 00:00:00,5.7,4,7,0,,,12,,1029,
2025-12-30 00:00:00,4.8,2,7,0,,,10.7,,1033.2,
2025-12-31 00:00:00,1.7,0,5,0,,,9.8,,1028.2,
